{"avg_loss": 0.921, "_timestamp": 1713222358.095051, "_runtime": 339.8510890007019, "_step": 9, "accuracy": 0.678}