{"avg_loss": 1.496, "_timestamp": 1713221881.3948958, "_runtime": 133.8685166835785, "_step": 19, "accuracy": 0.475, "_wandb": {"runtime": 133}}