{"avg_loss": 1.576, "_timestamp": 1713247028.1317492, "_runtime": 219.94727325439453, "_step": 19, "accuracy": 0.458, "_wandb": {"runtime": 206}}