{"avg_loss_epoch_0": 1.687, "_timestamp": 1713221724.347469, "_runtime": 275.33624720573425, "_step": 13, "aaccuracy_epoch_0": 0.393, "avg_loss_epoch_1": 1.575, "aaccuracy_epoch_1": 0.441, "avg_loss_epoch_2": 1.532, "aaccuracy_epoch_2": 0.46, "avg_loss_epoch_3": 1.514, "aaccuracy_epoch_3": 0.463, "avg_loss": 1.52, "accuracy": 0.466}